{"stats":{"minecraft:picked_up":{"minecraft:wheat_seeds":1},"minecraft:custom":{"minecraft:jump":21,"minecraft:time_since_rest":3804,"minecraft:damage_dealt":79,"minecraft:sprint_one_cm":3737,"minecraft:leave_game":3,"minecraft:play_time":3804,"minecraft:damage_taken":20,"minecraft:time_since_death":3804,"minecraft:walk_one_cm":10156,"minecraft:sneak_time":18,"minecraft:total_world_time":3804,"minecraft:fall_one_cm":209,"minecraft:fly_one_cm":2613},"minecraft:mined":{"minecraft:short_grass":3}},"DataVersion":3700}