{"stats":{"minecraft:picked_up":{"minecraft:wheat_seeds":4},"minecraft:dropped":{"minecraft:wheat_seeds":4},"minecraft:custom":{"minecraft:jump":45,"minecraft:time_since_rest":8609,"minecraft:damage_dealt":93,"minecraft:crouch_one_cm":29,"minecraft:leave_game":3,"minecraft:sprint_one_cm":7568,"minecraft:play_time":8609,"minecraft:time_since_death":8609,"minecraft:walk_one_cm":8885,"minecraft:sneak_time":34,"minecraft:total_world_time":8609,"minecraft:drop":4,"minecraft:fly_one_cm":2864,"minecraft:fall_one_cm":478,"minecraft:player_kills":1},"minecraft:mined":{"minecraft:large_fern":15,"minecraft:short_grass":1,"minecraft:fern":5},"minecraft:killed":{"minecraft:player":1}},"DataVersion":3700}