{"stats":{"minecraft:picked_up":{"minecraft:wheat_seeds":4},"minecraft:dropped":{"minecraft:wheat_seeds":4},"minecraft:mined":{"minecraft:large_fern":15,"minecraft:short_grass":1,"minecraft:fern":5},"minecraft:custom":{"minecraft:jump":21,"minecraft:time_since_rest":1655,"minecraft:damage_dealt":40,"minecraft:crouch_one_cm":29,"minecraft:leave_game":1,"minecraft:sprint_one_cm":6825,"minecraft:play_time":1655,"minecraft:time_since_death":1655,"minecraft:walk_one_cm":5653,"minecraft:sneak_time":34,"minecraft:total_world_time":1655,"minecraft:fall_one_cm":269,"minecraft:drop":4,"minecraft:fly_one_cm":2533}},"DataVersion":3700}