{"stats":{"minecraft:picked_up":{"minecraft:wheat_seeds":2},"minecraft:custom":{"minecraft:jump":34,"minecraft:time_since_rest":1389,"minecraft:damage_dealt":205,"minecraft:crouch_one_cm":53,"minecraft:leave_game":1,"minecraft:sprint_one_cm":5387,"minecraft:play_time":1389,"minecraft:damage_taken":40,"minecraft:time_since_death":1389,"minecraft:walk_one_cm":6901,"minecraft:sneak_time":36,"minecraft:total_world_time":1389,"minecraft:fall_one_cm":1523,"minecraft:fly_one_cm":4308},"minecraft:mined":{"minecraft:short_grass":2}},"DataVersion":3700}