{"stats":{"minecraft:used":{"minecraft:spruce_log":1},"minecraft:mined":{"minecraft:spruce_log":1,"minecraft:spruce_leaves":2},"minecraft:picked_up":{"minecraft:spruce_log":1},"minecraft:custom":{"minecraft:jump":1,"minecraft:time_since_rest":1649,"minecraft:leave_game":1,"minecraft:play_time":1649,"minecraft:damage_taken":10,"minecraft:time_since_death":1649,"minecraft:walk_one_cm":1632,"minecraft:sneak_time":11,"minecraft:total_world_time":1649,"minecraft:fall_one_cm":335}},"DataVersion":3700}