{
  "minecraft:recipes/decorations/crafting_table": {
    "criteria": {
      "unlock_right_away": "2024-06-16 17:19:57 +0000"
    },
    "done": true
  },
  "minecraft:adventure/adventuring_time": {
    "criteria": {
      "minecraft:taiga": "2024-06-16 17:20:38 +0000",
      "minecraft:old_growth_spruce_taiga": "2024-06-16 17:19:58 +0000"
    },
    "done": false
  },
  "minecraft:adventure/root": {
    "criteria": {
      "killed_something": "2024-06-16 17:28:38 +0000"
    },
    "done": true
  },
  "DataVersion": 3700
}